{"proba": {"0~25%": 2, "25%~50%": 5, "50%~75%": 33, "75%~100%": 59}, "age": {"\u5a74\u5e7c\u513f": 41.8329, "\u5c11\u513f": 48.7643, "\u9752\u5c11\u5e74": 81.66588, "\u9752\u5e74": 4369.12458, "\u4e2d\u5e74": 8071.31114, "\u8001\u5e74": 1102.48938}, "sex": {"\u7537": 53, "\u5973": 47}}
